Alignment ID,Average Rt(min),Average Mz,Metabolite name,Adduct type,Post curation result,Fill %,MS/MS assigned,Reference RT,Reference m/z,Formula_x,Ontology,INCHIKEY,SMILES,Annotation tag (VS1.0),RT matched,m/z matched,MS/MS matched,Comment,Manually modified for quantification,Manually modified for annotation,Isotope tracking parent ID,Isotope tracking weight number,RT similarity,m/z similarity,Simple dot product,Weighted dot product,Reverse dot product,Matched peaks count,Matched peaks percentage,Total score,S/N average,Spectrum reference file name,MS1 isotopic spectrum,MS/MS spectrum,BI00700,BI00701,BI00702,BI00703,BI00704,BI00705,BI00706,BI00708,BI00710,BI00711,BI00713,BI00714,BI00716,BI00717,BI00718,BI00719,BI00720,BI00721,BI00722,BI00723,BI00725,BI00726,BI00728,BI00729,BI00731,BI00732,BI00733,BI00734,BI00735,BI00736,BI00737,BI00738,BI00739,BI00740,BI00742,BI00743,BI00744,BI00745,BI00747,BI00748,BI00749,BI00750,BI00751,BI00752,BI00754,BI00755,BI00756,BI00757,BI00758,BI00760,BI00761,BI00762,BI00763,BI00764,BI00765,BI00766,BI00767,BI00768,BI00769,BI00770,BI00771,BI00772,BI00773,BI00774,BI00775,BI00776,BI00777,BI00778,BI00779,chemical_name
693,4.213,120.05511,no MS2: 1H-Benzotriazole,[M+H]+,,0.03,False,-1,120.0556,C6H5N3,,QRUDEWIWKLJBPS-UHFFFAOYSA-N,,530,False,True,False,Normalized unit: Intensity; Annotation method: MoNA-export-LC-MS-MS_Positive_Mode_1,False,False,693,0,0,1.0,-1,-1,-1,-1,-1,1.0,35.42,DIWB2-B2_pos_r2,120.05559:7324 121.06026:30865 122.06492:0,,9883.114755,4118.130638,4401.223978,5174.426394,5476.77848,4682.069322,5036.637217,5410.437606,5940.493052,6645.456232,5703.06272,4945.08069,4903.897095,5999.532077,13703.73337,9075.638277,9632.953441,4649.218398,6362.169707,4592.422278,5067.12748,6156.287931,3374.721649,5878.39071,5109.55977,5541.666969,5964.453703,3991.095733,7099.341931,4713.546941,5038.514502,10298.64777,8899.047064,3790.621481,3126.197234,5444.786723,3993.318669,6015.272471,5185.788489,4118.355506,4977.378865,4326.373973,4932.599117,1898.103476,3622.087884,4843.436014,7055.223974,7385.638255,6959.037662,6520.112894,7009.762652,5290.978339,5652.404122,5576.999359,6609.849757,5804.363923,7036.865354,5884.443399,6414.639583,8655.148558,8516.562681,9204.115203,9615.4704,9496.009693,5836.919583,6831.267878,5669.245411,6791.294598,4764.086337,"1,2,3-Benzotriazole"
11731,10.444,303.23209,no MS2: Methyltestosterone,[M+H]+,,0.04,False,-1,303.23141,C20H30O2,,GCKMFJBGXUYNAG-HLXURNFRSA-N,,530,False,True,False,Normalized unit: Intensity; Annotation method: MoNA-export-LC-MS-MS_Positive_Mode_1,False,False,11731,0,0,1.0,-1,-1,-1,-1,-1,1.0,24.96,Plasma MB-B3_pos,303.23138:86442 304.23605:18439 305.24072:4052,,10362.27952,15466.59745,11361.31985,10390.06059,14356.68664,10265.23952,12908.7939,11782.52558,11646.67818,11607.82626,10038.25532,10528.35599,7466.879624,10170.93231,6896.80148,7699.549845,7120.50715,9729.0086,10094.93515,9548.757298,9629.974367,10091.25506,9946.619176,8305.118152,9973.430239,10199.8985,8502.524307,10695.00303,8536.763333,12055.20387,12533.41707,6964.165133,8538.319673,7798.022063,11311.03176,10344.29555,9363.43808,9681.106572,12193.94997,11061.17776,8680.435097,11110.48089,9189.026043,14138.03479,13180.19754,9010.609634,8982.207483,8609.003949,9601.736023,13821.15937,9450.991617,8538.805723,9727.335035,10343.29995,8027.427376,10236.71056,8531.915449,8855.705136,10304.40578,8548.537305,9385.498708,9326.019023,8556.61184,9366.751477,15551.48974,14063.30203,15580.10344,11980.42868,13238.54006,17-Methyltestosterone
11658,15.175,302.30603,no MS2: Sphinganine (d18:0),[M+H]+,,0.07,False,-1,302.30588,C18H39NO2,,OTKJDMGTUTTYMP-ZWKOTPCHSA-N,,530,False,True,False,Normalized unit: Intensity; Annotation method: MoNA-export-LC-MS-MS_Positive_Mode_1,False,False,11658,0,0,1.0,-1,-1,-1,-1,-1,1.0,16.01,DIWB2-B2_pos_r1,302.30588:3864 303.31055:1040 304.31521:0,,7196.550078,5887.51834,7291.046305,7649.872797,6038.798012,7791.59501,6569.718646,6962.248793,6956.576562,6897.750837,7766.426208,7611.357472,9736.449131,7655.846746,9322.236634,8970.959937,9431.288089,8102.160017,7653.162947,8221.822884,8092.974059,7680.822333,8227.574688,8869.597975,7886.752286,7700.736383,8705.945977,7705.608568,8535.256111,6942.193494,6708.207791,9530.914938,8348.867655,9679.979737,7562.934467,7635.824041,8450.351451,7928.907553,6821.858837,7482.340324,8730.798974,7421.436855,8390.865976,6770.358614,6684.011434,8524.510402,8235.383726,8450.909219,7863.194879,6100.648396,7950.259167,8785.900821,7949.646423,7622.123071,8980.66349,7645.897242,8546.282622,8468.110064,7535.617563,8368.740891,7836.731916,7812.567941,8272.783434,7764.403571,5668.914006,5999.987987,5677.430576,6729.286611,6490.900837,"2,2'-(Tetradecylimino)diethanol"
4233,6.845,196.13269,"no MS2: 2,2'-[(4-Methylphenyl)imino]diethanol",[M+H]+,,0.01,False,-1,196.13319,C11H17NO2,,JUVSRZCUMWZBFK-UHFFFAOYSA-N,,530,False,True,False,Normalized unit: Intensity; Annotation method: MoNA-export-LC-MS-MS_Positive_Mode_1,False,False,4233,0,0,0.99,-1,-1,-1,-1,-1,0.99,21.13,BI00700_r1,196.13269:5788 197.13736:866 198.14203:0,,8222.355439,6684.871921,7175.725761,7478.244007,7072.375498,7387.642403,7134.942174,7341.730147,7459.558469,7587.594481,7636.937632,7409.522578,7921.999019,7673.593251,9347.876736,8613.108439,8823.948761,7458.179679,7751.030304,7473.613941,7568.26532,7714.710915,7087.615924,7964.84259,7525.383012,7581.269016,7943.977435,7163.215431,8142.015289,7162.937717,7177.491556,8944.772114,8412.96796,7563.701466,6832.877166,7540.547277,7351.081761,7751.441369,7247.022994,7144.851709,7705.638031,7189.722997,7608.9033,6078.104887,6772.610585,7618.757158,8052.857685,8175.303213,7930.95137,7309.291699,7965.433055,7800.258507,7674.701377,7567.82916,8156.290631,7626.681503,8132.450807,7864.906157,7728.753381,8379.275556,8205.392563,8309.102926,8506.155914,8339.763108,7025.83379,7334.340617,6993.760401,7563.886435,7043.06293,"2,2'-[(4-Methylphenyl)imino]diethanol"
1971,3.665,152.07027,no MS2: N-Methylanthranilic Acid,[M+H]+,,0.02,False,-1,152.0706,C8H9NO2,,WVMBPWMAQDVZCM-UHFFFAOYSA-N,,530,False,True,False,Normalized unit: Intensity; Annotation method: MoNA-export-LC-MS-MS_Positive_Mode_1,False,False,1971,0,0,1.0,-1,-1,-1,-1,-1,1.0,75.95,BI00734_r2,152.07069:32611 153.07536:34092 154.08003:3642,,18879.30293,21452.2863,19008.32833,18451.13308,21044.31611,18294.15192,20103.99718,19435.71901,19412.93168,19467.67837,18264.46964,18517.95216,16134.07748,18395.32605,16237.45585,16710.99703,16232.11885,17900.41702,18380.18137,17758.72594,17884.75935,18354.58418,17846.50073,16948.31439,18142.84904,18361.53727,17118.86782,18476.64126,17257.56796,19514.17168,19869.54587,16125.11787,17403.56028,16260.03093,18734.78777,18453.58123,17529.49565,18036.99648,19673.4298,18758.19707,17145.7913,18826.84538,17534.47973,20108.04353,20025.81055,17385.84555,17608.4568,17341.50513,18075.34526,20861.13574,17964.57744,17070.55916,18030.02362,18467.53702,16793.34151,18419.65292,17247.82643,17391.0254,18537.53003,17392.24156,18046.00462,18052.39266,17469.28763,18104.96711,21779.04773,21041.5871,21772.0203,19731.4121,20264.79154,2-Acetamidophenol
4638,6.304,204.10098,no MS2: ETHYL 3-INDOLEACETATE,[M+H]+,,0.03,False,-1,204.10193,C12H13NO2,,HUDBDWIQSIGUDI-UHFFFAOYSA-N,,530,False,True,False,Normalized unit: Intensity; Annotation method: MoNA-export-LC-MS-MS_Positive_Mode_1,False,False,4638,0,0,1.0,-1,-1,-1,-1,-1,1.0,23.3,BI00732_r2,204.10193:7348 205.10660:7642 206.11126:1189,,9011.624841,6644.618606,7714.70628,8218.561968,7153.940279,8148.358547,7419.801729,7811.450735,7956.445056,8095.237662,8462.711964,8117.436876,9475.834329,8472.538317,11348.07374,10188.58264,10645.29215,8340.0218,8571.792978,8398.422901,8481.360341,8534.310371,7894.475731,9263.698785,8357.959507,8368.490707,9182.207358,7832.817099,9392.923028,7582.372702,7519.961279,10849.49993,9693.327196,8959.602997,7368.10326,8294.035658,8307.791807,8666.994679,7645.11422,7737.89094,8868.261114,7775.007444,8631.155488,6207.292633,7017.939404,8686.668949,9170.24958,9408.854899,8879.463038,7458.881297,8955.394031,9013.196542,8573.586848,8324.59834,9562.007805,8408.617539,9383.81759,8997.651983,8502.017597,9655.287147,9230.763247,9358.502339,9791.330234,9380.942869,6961.039512,7450.348205,6926.936961,8003.948271,7280.343566,"2-Butyl-1H-isoindole-1,3(2H)-dione"
5891,5.797,225.11208,"no MS2: (E,2S,3R)-5-[3-hydroxy-2-(hydroxymethyl)phenyl]pent-4-ene-2,3-diol",[M+H]+,,0.95,False,-1,225.11214,C12H16O4,,MCAIMPGCWVIODY-PHTUBKJSSA-N,,530,False,True,False,Normalized unit: Intensity; Annotation method: MoNA-export-LC-MS-MS_Positive_Mode_1,False,False,5891,0,0,1.0,-1,-1,-1,-1,-1,1.0,25.44,BI00743_r2,225.11214:29380 226.11680:2917 227.12147:4017,,181300.0648,115382.1738,119175.3313,129542.1382,133739.7943,122972.8461,127919.5965,132702.5533,139292.4772,147644.893,136222.3026,126540.0362,125672.7372,139871.1552,214210.766,173071.1925,178410.8796,122450.6205,144193.2835,121681.9444,128061.5957,141749.6103,103715.9796,138188.8386,128658.8651,134222.7632,139256.4644,113211.8753,152456.3226,123544.0075,127940.1918,184480.8815,171390.8088,109942.088,99769.18262,133012.7311,113142.372,139991.5939,129842.7954,115108.8699,126786.6891,118098.7412,126231.7716,77099.73589,107813.8313,125039.003,152016.5483,155629.6597,151000.2577,146379.0871,151566.1325,130852.6998,135560.6715,134680.1492,146828.9484,137480.2889,151754.6447,138328.0592,144830.7885,168980.402,167691.2467,174585.2645,178482.6202,177445.9787,138302.0525,149985.6923,136239.9554,149348.539,124318.3429,2-Hydroxy-1-[4-(2-hydroxyethoxy)phenyl]-2-methylpropan-1-one
1376,5.798,137.0956,no MS2: Hypoxanthine,[M+H]+,,0.9,False,-1,137.10001,C5H4N4O,,FDGQSTZJBFJUBT-UHFFFAOYSA-N,,530,False,True,False,Normalized unit: Intensity; Annotation method: MoNA-export-LC-MS-MS_Positive_Mode_1,False,False,1376,0,0,0.95,-1,-1,-1,-1,-1,0.95,30.41,BI00734_r2,137.09833:10553 138.10300:1421 139.10766:0,,111605.4345,75455.92672,77285.68249,83057.09677,85820.69356,79329.12253,82399.3306,84990.97693,88675.04974,93327.86008,86767.11904,81378.49742,80485.05767,88823.84278,128468.5964,106679.1853,109442.5713,78969.49569,91222.12781,78514.10337,82131.00626,89861.19759,68268.30859,87625.29345,82510.12051,85666.37483,88250.1748,73807.48778,95568.52347,79838.87207,82377.84788,112659.7217,105923.3433,71601.95706,66102.64377,85004.69708,73628.68245,88825.93423,83420.37282,74933.13652,81289.52094,76646.64999,81042.45524,52870.9422,70922.34443,80347.27496,95396.41021,97326.91701,94926.86149,92859.38966,95217.87365,83556.08883,86357.02807,85939.99724,92377.60037,87494.75097,95180.70994,87784.85195,91603.82334,104616.7703,104057.4329,107798.8576,109773.8346,109356.9676,88490.07376,94890.99047,87332.87321,94316.78824,80387.7132,3-Isopropylphenol
13909,8.655,331.10028,"no MS2: 4,4'-Sulfonylbis[2-(prop-2-en-1-yl)phenol]",[M+H]+,,0.17,False,-1,331.09991,C18H18O4S,,MTMKZABGIQJAEX-UHFFFAOYSA-N,,530,False,True,False,Normalized unit: Intensity; Annotation method: MoNA-export-LC-MS-MS_Positive_Mode_1,False,False,13909,0,0,1.0,-1,-1,-1,-1,-1,1.0,779.16,BI00773_r1,331.09995:42719 332.10461:8255 333.10928:2308,,17583.99782,6916.302339,6000.341221,7046.739406,9782.304365,6060.301449,8006.871021,8265.205163,9351.495515,10932.88566,7878.299398,6676.245489,5071.193519,8549.268893,20458.38197,12416.74521,12724.77276,5761.572544,9237.428183,5578.50792,6456.101922,8814.717046,3720.543888,7114.356027,6708.636978,7656.129863,7392.480336,4978.799292,9489.227785,6919.554475,7834.423725,13830.02888,13076.75413,3643.488917,3683.890624,7548.678327,4508.56834,8265.349134,7990.484314,5349.184037,5813.173222,5756.591245,5993.85694,2156.997788,5099.927864,5753.685182,9779.714121,10100.95115,10097.05638,12164.47621,10072.79837,6263.838837,7593.56568,7807.528575,8181.485395,8197.92054,9366.171911,7480.646899,9493.684664,12569.19198,13203.05628,14667.93202,14608.34088,15381.92574,11380.79095,13164.80921,10938.43617,11551.85862,7550.239986,"4,4'-Sulfonylbis[2-(prop-2-en-1-yl)phenol]"
2685,6.714,165.09126,no MS2: THYMOQUINONE,[M+H]+,,0.06,False,-1,165.091,C10H12O2,,KEQHJBNSCLWCAE-UHFFFAOYSA-N,,530,False,True,False,Normalized unit: Intensity; Annotation method: MoNA-export-LC-MS-MS_Positive_Mode_1,False,False,2685,0,0,1.0,-1,-1,-1,-1,-1,1.0,8.85,DIWB2-B2_pos_r1,165.09097:6680 166.09564:883 167.10031:2019,,4739.732149,3178.418382,3258.925211,3507.671214,3624.33536,3347.40525,3477.90723,3590.02151,3748.725908,3949.262533,3667.625745,3435.365744,3399.221684,3756.12826,5474.759726,4529.283315,4649.564006,3332.304208,3859.54407,3312.835812,3468.342673,3800.887962,2872.69393,3705.962401,3484.414152,3620.111753,3732.720723,3109.938666,4048.319455,3368.26679,3477.171209,4789.148235,4495.703354,3017.134224,2779.173184,3591.52457,3103.049245,3756.588762,3522.202106,3158.047675,3432.832987,3231.613574,3421.829397,2212.550991,2984.889062,3392.04764,4040.491028,4124.157674,4019.709061,3927.726095,4032.387896,3530.500481,3650.189121,3631.796363,3911.113658,3698.831607,4031.587858,3712.37201,3875.843987,4439.183567,4414.188948,4576.011337,4662.231086,4643.371329,3738.655546,4015.165955,3688.826338,3991.660481,3391.24129,4-(4-Hydroxyphenyl)butan-2-one
5192,10.552,214.12244,no MS2: 4-Methoxy-2-methyl-N-phenylaniline,[M+H]+,,0.26,False,-1,214.1226,C14H15NO,,CYMPUOGZUXAIMY-UHFFFAOYSA-N,,530,False,True,False,Normalized unit: Intensity; Annotation method: MoNA-export-LC-MS-MS_Positive_Mode_1,False,False,5192,0,0,1.0,-1,-1,-1,-1,-1,1.0,20.66,BI00756_r2,214.12263:3875 215.12730:774 216.13197:0,,19989.51413,13319.70356,11929.2024,12758.77588,15641.91007,11828.37209,13974.99666,14029.28374,14884.14484,16064.83127,13416.43182,12446.26052,10392.64066,13990.87608,20410.57291,16202.38734,16231.00535,11452.3337,14518.93064,11249.17629,12098.49374,14187.50419,9268.666257,12445.09576,12387.45107,13257.32444,12721.8026,10795.4683,14391.2259,12893.76616,13776.38989,16812.91335,16838.08151,8879.574734,9380.726268,13190.09459,10105.68767,13667.83247,13860.47069,11234.67569,11335.79303,11654.26443,11592.32049,7422.98301,11229.63342,11334.72491,14703.5449,14856.41015,15065.26348,17322.85566,15018.62867,11730.80299,13121.68692,13409.64886,13271.20122,13714.59957,14297.94508,12865.64487,14755.13994,16524.90469,17139.50405,18033.76684,17795.16347,18470.70855,17024.21424,18049.87279,16702.02511,16573.03803,13623.30646,4-Methoxy-2-methyl-N-phenylaniline
4256,10.312,197.09631,"no MS2: 1,2-Diphenylethanone",[M+H]+,,0.28,False,-1,197.0961,C14H12O,,OTKCEEWUXHVZQI-UHFFFAOYSA-N,,530,False,True,False,Normalized unit: Intensity; Annotation method: MoNA-export-LC-MS-MS_Positive_Mode_1,False,False,4256,0,0,1.0,-1,-1,-1,-1,-1,1.0,11.61,BI00705_r2,197.09610:4225 198.10077:863 199.10544:249,,6779.394843,6966.902073,6954.658474,6919.811382,6904.773309,6941.875925,6924.150023,6909.023982,6888.688559,6864.279816,6898.790793,6929.646511,6934.249672,6887.607873,6712.709417,6800.058777,6787.844151,6944.041695,6874.871879,6946.692126,6925.063446,6882.0452,7014.507047,6893.693918,6922.895036,6904.932723,6890.355118,6976.801806,6852.360851,6939.135584,6924.140097,6774.644758,6803.7529,6990.959496,7030.484757,6908.677349,6977.688191,6887.554082,6918.045261,6969.538038,6929.781616,6958.619025,6931.407417,7140.851174,6996.580485,6935.458384,6853.332114,6843.714867,6855.844362,6867.034969,6854.316765,6916.562233,6900.994853,6903.433055,6868.418673,6894.874123,6854.299614,6892.954029,6872.925055,6809.500626,6812.211871,6795.522284,6786.79386,6788.767181,6890.330492,6856.765577,6896.588128,6859.341979,6936.023623,4-Methylbenzophenone
8207,15.815,259.20572,"no MS2: 6-Acetyl-1,1,2,4,4,7-hexamethyltetralin",[M+H]+,,0.47,False,-1,259.2056,C18H26O,,DNRJTBAOUJJKDY-UHFFFAOYSA-N,,530,False,True,False,Normalized unit: Intensity; Annotation method: MoNA-export-LC-MS-MS_Positive_Mode_1,False,False,8207,0,0,1.0,-1,-1,-1,-1,-1,1.0,11.21,BI00767_r2,259.20560:12345 260.21026:2327 261.21493:1182,,25784.47196,11344.81528,11766.67745,13675.75683,14900.1484,12384.90485,13589.16769,14455.16212,15825.13174,17658.6273,14996.26122,13097.45783,12581.90792,15779.33536,34204.85243,23071.84189,24282.73436,12238.33137,16702.241,12070.77594,13303.53749,16171.55092,8958.007429,15178.17959,13456.40766,14601.47128,15429.62957,10627.39535,18309.7112,12654.19242,13558.00377,25877.09078,22849.28515,9814.343404,8410.670584,14370.16997,10505.90197,15747.29247,13910.76847,10996.88623,12946.93925,11546.31228,12900.23521,5264.994047,9855.369973,12648.84775,18284.42314,19048.34817,18152.3602,17615.75123,18254.25476,13725.45795,14822.12828,14711.40862,16973.64765,15284.51926,18150.51051,15284.24921,16869.44989,22236.31979,22080.07005,23812.56816,24657.08881,24562.6481,15977.76979,18468.52994,15531.07451,18091.6297,12899.07716,"6-Acetyl-1,1,2,4,4,7-hexamethyltetralin"
1672,5.199,146.0601,no MS2: 4-Hydroxyquinoline,[M+H]+,,0.9,False,-1,146.0598,C9H7NO,,PMZDQRJGMBOQBF-UHFFFAOYSA-N,,530,False,True,False,Normalized unit: Intensity; Annotation method: MoNA-export-LC-MS-MS_Positive_Mode_1,False,False,1672,0,0,1.0,-1,-1,-1,-1,-1,1.0,112.19,BI00773_r2,146.05980:71084 147.06447:7154 148.06913:485,,214458.2566,158842.8223,137589.9109,144106.6161,181143.5448,134510.3025,161339.3043,159720.4358,168026.9196,179699.4637,149901.8536,141252.3228,114382.5282,155881.3047,205609.897,170327.4501,168619.1707,129667.9581,160905.5302,127277.4289,135930.1506,157637.191,107856.8453,136340.2016,139530.8737,148677.3369,139508.478,124790.0312,155714.0299,148711.7652,158618.5668,173382.079,178959.0404,100133.4535,111118.6011,148319.9027,115404.0971,151564.5585,158824.9477,129943.9914,126339.8057,134327.5204,129962.2195,93346.39794,133324.5485,127032.5536,159911.3889,160368.64,165023.4255,197177.4601,164182.313,129917.9171,146291.5195,150501.8078,143600.1349,153291.2125,154804.3789,141762.1524,163723.3544,176040.7699,184386.8062,192708.0644,188019.2946,196968.5802,197592.9177,205020.7446,194336.7734,185599.5392,158342.5062,8-Hydroxyquinoline
19418,14.533,403.23386,no MS2: Acetyl tributyl citrate,[M+H]+,,0.96,False,-1,403.2326,C20H34O8,,QZCLKYGREBVARF-UHFFFAOYSA-N,,530,False,True,False,Normalized unit: Intensity; Annotation method: MoNA-export-LC-MS-MS_Positive_Mode_1,False,False,19418,0,0,1.0,-1,-1,-1,-1,-1,1.0,193.09,BI00745_r1,403.23264:48698 404.23730:10883 405.24197:2065,,266128.9599,189050.411,221859.715,238086.2795,205700.5371,235435.1103,213458.9911,225785.3397,230689.1443,235516.4248,246105.1874,234753.0539,276649.9014,246669.3002,342307.9081,302663.224,317491.3062,241285.0286,250045.8331,243021.6983,246074.0424,248714.1198,226102.4616,271095.3355,242315.331,243050.6198,268643.2245,225022.0544,276198.4054,218129.3845,216523.0237,324386.8557,286935.4929,259266.5816,209785.2935,240664.8162,239537.4661,252700.5226,220485.941,222261.9591,257921.6468,223623.1848,250554.3478,173043.2245,199821.2917,252171.9529,269211.6908,276923.7947,260075.3439,215810.3751,262482.1254,262734.6939,249486.1482,241729.5295,281064.9411,244523.9123,275863.5004,262837.1798,247926.2094,285581.6172,272165.0186,276614.4674,290490.6122,277499.6106,200077.534,215758.8995,198915.3309,232800.1649,208956.308,Acetyl tributyl citrate
4144,3.919,195.08937,no MS2: Caffeine,[M+H]+,,0.35,False,-1,195.08835,C8H10N4O2,,RYYVLZVUVIJVGH-UHFFFAOYSA-N,,530,False,True,False,Normalized unit: Intensity; Annotation method: MoNA-export-LC-MS-MS_Positive_Mode_1,False,False,4144,0,0,1.0,-1,-1,-1,-1,-1,1.0,4930.25,BI00716_r1,195.08836:3268065 196.09303:269744 197.09770:18141,,3477951.415,3315417.632,3127522.477,3144516.658,3409922.118,3087301.213,3286135.407,3256681.208,3296175.175,3352080.491,3168394.192,3131511.802,2896661.414,3203035.641,3343021.447,3211895.027,3185974.208,3046889.76,3227220.917,3028645.884,3081494.352,3210311.253,2912384.527,3051545.139,3109801.578,3165378.309,3074670.983,3037324.742,3162620.856,3203296.274,3265221.586,3201835.705,3276185.695,2808802.001,2961338.763,3166631.985,2950191.612,3169038.35,3259955.039,3076534.054,3002612.405,3103580.52,3036445.871,2878124.657,3135430.886,3014768.968,3195562.531,3188289.099,3236383.259,3474770.275,3228554.538,3020186.583,3141837.014,3178257.521,3084733.696,3190830.185,3157791.379,3096155.878,3246206.336,3262937.463,3323599.962,3359558.93,3318293.144,3379329.536,3505774.522,3513633.668,3491483.931,3387255.578,3276158.487,Caffeine
6556,6.923,236.07396,no MS2: Carboxin,[M+NH4]+,,0.02,False,-1,236.07401,C12H13NO2S,,GYSSRZJIHXQEHQ-UHFFFAOYSA-N,,530,False,True,False,Normalized unit: Intensity; Annotation method: MoNA-export-LC-MS-MS_Positive_Mode_1,False,False,6556,0,0,1.0,-1,-1,-1,-1,-1,1.0,46.24,Plasma MB-B1_pos,236.07396:24417 237.07863:3119 238.08329:0,,3560.116575,3553.234317,3020.943887,2995.006364,3673.918366,2894.848446,3374.596347,3262.491077,3323.105905,3418.367961,3013.367871,2981.650372,2433.632661,3078.347409,3064.880426,2924.94538,2839.529416,2799.726177,3113.764752,2760.515673,2848.771951,3085.556888,2601.963065,2719.394865,2914.327794,3018.075546,2767.837611,2837.947784,2907.787353,3185.635127,3318.132947,2852.411149,3089.898151,2328.34007,2747.677986,3028.66361,2628.263789,2992.597714,3290.724309,2920.948272,2668.272156,2967.935232,2751.411605,2736.114949,3125.817851,2707.060206,2990.460306,2953.494533,3097.748913,3766.121215,3075.035489,2686.54007,2951.321218,3047.79118,2751.479284,3062.118285,2899.796269,2824.14754,3158.336821,3069.048864,3227.885782,3284.030061,3159.830656,3320.239283,3915.664164,3852.254145,3889.794603,3502.47227,3374.410648,Carboxin
15347,8.473,347.22055,no MS2: Cortodoxone,[M+H]+,,0.52,False,-1,347.22171,C21H30O4,,WHBHBVVOGNECLV-VLAJLFEZSA-N,,530,False,True,False,Normalized unit: Intensity; Annotation method: MoNA-export-LC-MS-MS_Positive_Mode_1,False,False,15347,0,0,1.0,-1,-1,-1,-1,-1,1.0,16.76,BI00773_r1,347.22171:14920 348.22638:3208 349.23105:826,,38215.98688,11869.45243,13957.48867,17396.61274,17114.81823,15455.54254,15904.80754,17765.53292,19963.18837,22897.89688,19757.02851,16406.26949,17782.03867,20939.31601,63287.76227,37261.78175,40895.51183,15545.52058,22531.32529,15388.01578,17302.51551,21651.1064,10468.99396,21548.99957,17317.57649,19000.7313,21797.84474,12608.27131,26906.17498,14935.54532,16029.38915,44630.9241,35417.50905,12859.57428,9221.915645,18527.9073,13050.94197,21284.56196,16721.53059,12968.69649,17400.25402,13751.02579,16957.97049,4742.629834,10594.72039,16669.04801,26347.70035,28166.89748,25460.6538,21366.74713,25797.02785,18822.28802,19707.38885,19079.70573,25074.4418,20084.75668,26624.42579,21214.46091,22634.47834,34231.46238,32738.03011,36035.05296,38875.35802,37385.23703,18110.39937,22512.35959,17467.3547,23314.99086,14760.98143,Corticosterone
3795,5.408,188.07033,no MS2: Desethylatrazine,[M+H]+,,0.39,False,-1,188.0697,C6H10ClN5,,DFWFIQKMSFGDCQ-UHFFFAOYSA-N,,530,False,True,False,Normalized unit: Intensity; Annotation method: MoNA-export-LC-MS-MS_Positive_Mode_1,False,False,3795,0,0,1.0,-1,-1,-1,-1,-1,1.0,23.69,BI00718_r1,188.06975:12442 189.07442:1759 190.07908:0,,34682.701,26975.45875,31676.37343,33442.12156,28453.74574,33466.26371,29902.05549,31443.66833,31790.45078,32039.50209,34213.01318,33135.82673,39452.19972,34078.24592,43427.67863,40156.76572,41922.60043,34378.16606,34317.59946,34689.98048,34720.2776,34265.8463,33411.04852,37749.15788,34123.68633,33886.18911,37320.0811,32549.2396,37598.31038,30848.22518,30353.05874,42552.72174,38053.95165,38052.67247,31167.68299,33609.31214,34769.23132,34949.15699,30828.36965,32002.33305,36569.2837,32011.04577,35507.95017,27077.69384,29064.62347,35830.74305,36623.51038,37516.10507,35374.25623,29285.21728,35685.91825,37007.93803,34748.28777,33664.87477,38643.42107,33906.53998,37591.79985,36530.04898,33975.49298,37991.98991,36183.0963,36451.55535,38175.27265,36431.71314,27413.96736,29106.87393,27345.20148,31563.83374,29441.34376,Deethylatrazine
10540,14.079,289.2168,no MS2: Testosterone,[M+H]+,,0.25,False,-1,289.2168,C19H28O2,,MUMGGOZAMZWBJJ-DYKIIFRCSA-N,,530,False,True,False,Normalized unit: Intensity; Annotation method: MoNA-export-LC-MS-MS_Positive_Mode_1,False,False,10540,0,0,1.0,-1,-1,-1,-1,-1,1.0,19.69,BI00760_r1,289.21680:51705 290.22146:10658 291.22613:0,,25761.39453,15108.35998,9450.944663,10140.11229,19918.49478,8581.422151,14504.75345,13622.90895,15269.25272,17852.66615,10963.63117,9730.314112,5119.417763,12083.38588,19612.32259,13213.96078,12480.5133,7702.948375,12977.19099,7309.584439,8562.611794,12368.74299,5041.20321,8102.114462,9238.45376,10827.62769,8627.35347,7339.876295,11185.51801,11634.97499,13762.82916,13347.67612,15524.91256,3821.907988,5713.12116,10829.78182,5757.833786,11083.19856,13642.69897,8170.977737,6896.808601,8849.141994,7550.747583,4178.234319,9350.025305,7096.901598,12167.5764,12028.72588,13487.19742,23920.53732,13235.18007,7327.89552,10213.72351,11214.0874,9008.354193,11650.5024,11028.94692,9113.581871,13636.07972,14932.11289,17321.18419,19161.80028,17430.26231,20206.96626,25280.07656,26413.8052,24338.18948,19523.71356,14060.00434,Dehydroepiandrosterone
3077,4.679,174.05423,no MS2: 4-QUINOLINECARBOXYLIC ACID,[M+H]+,,0.02,False,-1,174.05521,C10H7NO2,,VQMSRUREDGBWKT-UHFFFAOYSA-N,,530,False,True,False,Normalized unit: Intensity; Annotation method: MoNA-export-LC-MS-MS_Positive_Mode_1,False,False,3077,0,0,1.0,-1,-1,-1,-1,-1,1.0,23.67,BI00779_r1,174.05521:4528 175.05987:608 176.06454:0,,12431.7721,6595.684799,4801.045052,5289.645736,8727.54186,4560.060998,6786.073122,6622.022,7382.071905,8527.858966,5752.594123,5069.059861,3189.733288,6258.748301,11226.76275,7514.087215,7336.684043,4211.412292,6699.274311,4041.351709,4657.091368,6411.077253,2834.165445,4669.462998,4929.725686,5654.2811,4906.511437,3888.927852,6213.977085,5684.174697,6535.874666,7841.075825,8388.164677,2402.109807,3032.926887,5626.97677,3271.972642,5886.860497,6548.815391,4242.824049,3967.105387,4556.94274,4222.670708,2100.0971,4505.311221,4017.680208,6589.192384,6621.463596,7066.325624,10462.75715,6984.40824,4215.267794,5453.606414,5807.923353,5212.331846,6039.50527,6135.892395,5083.565579,6958.044978,8090.144606,8959.84682,9850.241145,9319.206027,10325.05389,10546.38327,11383.76529,10177.01991,9150.340034,6528.224092,Deisopropylatrazine
9659,13.287,279.15945,no MS2: Dibutyl phthalate,[M+H]+,,0.34,False,-1,279.15909,C16H22O4,,DOIRQSBPFJWKBE-UHFFFAOYSA-N,,530,False,True,False,Normalized unit: Intensity; Annotation method: MoNA-export-LC-MS-MS_Positive_Mode_1,False,False,9659,0,0,1.0,-1,-1,-1,-1,-1,1.0,60.76,BI00701_r2,279.15909:69325 280.16376:10433 281.16842:1329,,89670.7105,95274.13461,82461.47661,80915.36936,96083.00299,79141.77848,89844.5243,86821.67493,87623.89173,89068.20467,80780.71315,80864.67731,67936.65195,81981.94473,77012.78573,76176.67067,73944.06102,76938.95513,82448.05367,76074.17953,77618.68553,81995.83623,73900.255,73788.90024,79106.21993,81054.73729,74844.11225,78688.82749,77127.77817,85897.44527,88541.89892,73879.02965,79976.34943,66609.9193,77870.80347,81401.5879,73655.83706,79999.2625,87732.40702,80486.38494,73459.61197,81313.64191,75476.57044,80393.4206,86106.90572,74522.43968,79047.02796,77950.69628,81561.60938,96944.57851,81003.72353,73568.87668,79397.85154,81703.54925,73921.32097,81804.31439,76994.32814,76225.90343,83414.25014,79665.88414,83296.48624,84076.08098,81079.80606,84685.24476,101044.8318,98522.88179,100674.6799,90811.29972,90187.45016,Dibutyl phthalate
5724,5.269,223.09546,"no MS2: (7R,8R)-7,8-dihydroxy-3,5,7-trimethyl-8H-isochromen-6-one",[M+H]+,,0.94,False,-1,223.09648,C12H14O4,,JVUYBLROBHJEJN-NEPJUHHUSA-N,,530,False,True,False,Normalized unit: Intensity; Annotation method: MoNA-export-LC-MS-MS_Positive_Mode_1,False,False,5724,0,0,1.0,-1,-1,-1,-1,-1,1.0,239.14,BI00743_r2,223.09648:99514 224.10115:11311 225.10582:42091,,813139.591,418608.192,558464.2083,639714.2512,495376.4202,623036.7592,526198.383,583944.5955,610356.7557,637870.2293,682749.7851,622051.1276,832019.2218,687808.7725,1298331.088,1015891.731,1110191.858,650473.6895,707307.7282,658298.1225,677337.1777,699152.585,567609.4865,812205.7071,659468.2412,666570.9383,799934.6715,569550.9819,849914.0701,544351.9714,539600.5596,1158055.13,922985.3778,729134.9033,494507.3638,654219.4906,635774.0246,718059.4234,558303.2826,557903.0854,735410.4067,565751.7353,698203.0058,340117.013,458035.4236,705354.5946,811805.8691,856072.3729,762872.0755,545574.2553,775937.81,762986.443,699078.4341,660494.1842,872587.5227,675814.9703,847620.7092,768863.2276,697078.3096,913809.9445,837949.9945,866765.8853,948122.1603,873471.4295,473610.3352,547076.281,467808.3629,625751.2462,504793.6529,Diethyl phthalate
12650,10.611,315.12357,"no MS2: 3',4',6-Trimethoxyflavanone",[M+H]+,,0.67,False,-1,315.12338,C18H18O5,,KYRMOZFTJMQBFZ-UHFFFAOYSA-N,,530,False,True,False,Normalized unit: Intensity; Annotation method: MoNA-export-LC-MS-MS_Positive_Mode_1,False,False,12650,0,0,1.0,-1,-1,-1,-1,-1,1.0,65.46,DIWB1-B2_pos_r1,315.12338:66316 316.12805:11662 317.13272:1802,,50998.71537,45440.20909,75613.80289,79398.47141,42645.64029,86956.33404,54762.75229,61381.66192,58754.08953,54705.72097,78990.04773,79998.48133,149382.8047,74471.80071,84638.96868,92345.73363,102010.9166,96334.60471,72486.73729,100462.578,92398.15129,74250.69284,115443.879,109023.7386,86234.68999,78316.40414,103256.472,91071.82973,90879.75667,64812.82496,57698.9822,102474.2255,77780.06517,165315.184,96620.54121,77254.70872,114545.2387,81293.68713,59423.22585,83167.03456,112749.479,79686.09701,102424.652,91382.39714,66249.08088,107447.2028,83273.05433,87075.56533,74594.77294,40485.1191,76457.60313,111642.2834,84097.45157,76136.30561,106659.866,75344.46647,91533.44856,96865.46971,69457.14852,79199.06648,67564.92304,64757.95764,73360.89542,62869.4303,35352.47463,38033.34875,35953.70749,50907.66161,54535.3454,Diethylene glycol dibenzoate
9659,13.287,279.15945,no MS2: Dibutyl phthalate,[M+H]+,,0.34,False,-1,279.15909,C16H22O4,,DOIRQSBPFJWKBE-UHFFFAOYSA-N,,530,False,True,False,Normalized unit: Intensity; Annotation method: MoNA-export-LC-MS-MS_Positive_Mode_1,False,False,9659,0,0,1.0,-1,-1,-1,-1,-1,1.0,60.76,BI00701_r2,279.15909:69325 280.16376:10433 281.16842:1329,,89670.7105,95274.13461,82461.47661,80915.36936,96083.00299,79141.77848,89844.5243,86821.67493,87623.89173,89068.20467,80780.71315,80864.67731,67936.65195,81981.94473,77012.78573,76176.67067,73944.06102,76938.95513,82448.05367,76074.17953,77618.68553,81995.83623,73900.255,73788.90024,79106.21993,81054.73729,74844.11225,78688.82749,77127.77817,85897.44527,88541.89892,73879.02965,79976.34943,66609.9193,77870.80347,81401.5879,73655.83706,79999.2625,87732.40702,80486.38494,73459.61197,81313.64191,75476.57044,80393.4206,86106.90572,74522.43968,79047.02796,77950.69628,81561.60938,96944.57851,81003.72353,73568.87668,79397.85154,81703.54925,73921.32097,81804.31439,76994.32814,76225.90343,83414.25014,79665.88414,83296.48624,84076.08098,81079.80606,84685.24476,101044.8318,98522.88179,100674.6799,90811.29972,90187.45016,Diisobutyl phthalate
7592,11.156,251.12793,"no MS2: NCGC00169264-02!8-hydroxy-3-(4-hydroxypentyl)-3,4-dihydroisochromen-1-one",[M+H]+,,0.13,False,-1,251.12801,C14H18O4,,JDIGWVAMJGGRBY-UHFFFAOYSA-N,,530,False,True,False,Normalized unit: Intensity; Annotation method: MoNA-export-LC-MS-MS_Positive_Mode_1,False,False,7592,0,0,1.0,-1,-1,-1,-1,-1,1.0,8.08,BI00719_r2,251.12798:11893 252.13264:2120 253.13731:955,,27637.0235,12725.90893,14644.21299,16977.74704,16116.38528,15803.9171,15612.07599,16921.22569,18214.72623,19836.64466,18450.46596,16345.09821,17963.62247,19093.65716,39808.64264,28277.7059,30259.1179,15967.07361,19998.68087,15910.84763,17087.2255,19512.93127,12470.60397,19954.48804,17020.5383,17973.57532,20033.71375,13864.4527,22810.58428,15152.72454,15751.26215,31983.66485,27026.39677,14611.39568,11338.77554,17662.92159,14405.30314,19408.06591,16226.33671,14042.65621,17380.52317,14552.202,16977.59745,7297.720327,12111.55554,16843.87448,22367.37554,23440.20758,21707.57896,18579.32651,21933.85756,18284.62208,18497.10008,17987.98963,22010.59683,18589.65798,22663.80442,19597.47758,20001.67114,26471.37042,25439.37959,27017.38186,28634.03722,27623.62642,16515.16453,19147.17194,16148.17783,19976.08224,14862.82857,Dipropyl phthalate
1825,5.984,149.0592,no MS2: Cinnamic acid,[M+H]+,,0.54,False,-1,149.05969,C9H8O2,,WBYWAXJHAXSJNI-VOTSOKGWSA-N,,530,False,True,False,Normalized unit: Intensity; Annotation method: MoNA-export-LC-MS-MS_Positive_Mode_1,False,False,1825,0,0,1.0,-1,-1,-1,-1,-1,1.0,180.73,BI00743_r1,149.05968:288152 150.06434:24281 151.06901:3456,,247593.7227,105795.9897,204339.634,247046.1931,123817.7955,253618.9696,155562.0638,188800.6444,193437.6671,194747.9955,265732.8587,240201.4267,500344.9893,258287.2115,589012.7433,466937.8759,551610.1632,284403.318,262378.7644,296339.7088,290548.2542,262833.2276,271845.8582,399059.91,269681.6105,257048.1883,378635.6366,236043.7943,375136.3809,179946.734,165546.8836,579741.432,374386.4231,456648.8886,206824.2323,249273.0112,308913.6563,286977.0856,175512.2627,216820.9777,362675.0158,214470.9912,321268.1364,128767.7312,149107.6173,335145.9562,336442.0765,368237.425,291829.309,134167.2351,302626.6982,376392.9418,284184.1281,249943.9385,427877.4217,254882.4232,375663.3229,347283.2839,251093.2989,374849.479,306160.1539,310083.8514,372584.0297,307110.0958,104383.9518,129476.5054,103986.468,181956.6439,147870.274,E-Cinnamic acid
9810,8.611,281.10391,no MS2: Huperzine A,[M+K]+,,0.03,False,-1,281.10507,C15H18N2O,,ZRJBHWIHUMBLCN-UHFFFAOYSA-N,,530,False,True,False,Normalized unit: Intensity; Annotation method: MoNA-export-LC-MS-MS_Positive_Mode_1,False,False,9810,0,0,0.99,-1,-1,-1,-1,-1,0.99,15.07,BI00735_r1,281.10437:10437 282.10904:1684 283.11371:3197,,5797.777892,4978.370727,4380.04921,4470.490128,5381.24801,4267.576931,4930.019753,4848.755129,5005.981667,5229.061202,4569.968313,4418.765102,3705.506298,4695.33368,5392.374651,4825.3282,4752.430163,4141.485679,4789.891601,4083.163855,4266.758476,4725.722334,3680.302921,4205.853345,4357.322496,4553.503541,4280.810972,4080.832693,4602.233563,4638.897011,4859.821769,4825.494317,5040.755197,3412.368389,3806.343526,4553.432097,3821.381898,4584.554724,4849.256148,4206.615821,4020.948911,4301.144844,4121.758629,3480.286509,4361.464976,4052.037417,4709.410656,4696.221829,4842.793701,5664.661472,4818.226405,4087.412128,4482.042223,4596.9763,4335.019234,4647.274572,4584.314516,4345.458865,4855.626227,4987.732252,5194.731567,5343.299948,5208.129703,5422.972583,5746.591258,5822.232189,5685.681673,5359.428665,4883.307624,Ethyl phthalyl ethyl glycolate
11609,7.342,302.13907,no MS2: Crinamine,[M+H]+,,0.51,False,-1,302.13919,C17H19NO4,,YGPRSGKVLATIHT-UHFFFAOYSA-N,,530,False,True,False,Normalized unit: Intensity; Annotation method: MoNA-export-LC-MS-MS_Positive_Mode_1,False,False,11609,0,0,1.0,-1,-1,-1,-1,-1,1.0,69.75,BI00742_r1,302.13919:135858 303.14386:22615 304.14853:3691,,45764.34756,79466.93647,38548.38133,33520.21517,76166.02571,30980.85185,56296.2403,46638.43569,47460.49815,49744.68804,32317.00355,33863.51806,14523.66895,34211.31993,19800.2241,21189.84307,18012.926,27062.89892,34572.46319,25715.67688,27540.81152,34003.62314,24420.63082,20639.31946,30138.75907,33145.39868,21983.58046,31870.60508,24189.78808,46095.74767,52404.31616,17694.70826,27021.7711,14232.26946,32246.73429,33999.82704,22869.79177,30345.33203,49686.59817,34962.3971,21165.9499,36198.33186,24218.64757,43602.42759,50409.46905,22889.43971,27313.06004,25174.8768,31953.914,75602.47606,30882.71316,20988.91903,29782.22562,34437.82255,20080.15972,34186.68474,24049.32719,24132.85157,36502.94413,26780.59861,33373.75616,34132.0197,28233.93843,35027.98931,95569.567,80771.22131,94693.48639,54317.47116,58448.43923,Fenoxycarb
11952,4.989,307.11261,no MS2: Fluconazole,[M+H]+,,0.21,False,-1,307.11099,C13H12F2N6O,,RFHAOTPXVQNOHP-UHFFFAOYSA-N,,530,False,True,False,Normalized unit: Intensity; Annotation method: MoNA-export-LC-MS-MS_Positive_Mode_1,False,False,11952,0,0,1.0,-1,-1,-1,-1,-1,1.0,116.2,BI00771_r1,307.11093:79236 308.11560:10603 309.12027:2194,,207209.2236,76719.46504,83506.93821,100398.6016,105830.1828,89802.46102,96712.55819,105092.7425,116731.3836,132362.1398,112079.7428,95386.67615,95597.77983,118570.0969,302884.1269,190239.9489,203902.6753,89268.05343,126654.4583,88093.23935,98323.78235,122076.4478,62307.08272,116686.9506,99126.22176,108476.585,118509.3776,75008.96801,144005.3818,89991.90942,96836.92803,220015.8274,185486.0042,71559.79462,56946.19827,106304.5039,75380.4927,119125.0439,100104.3444,77593.23792,96711.34097,81980.53211,95561.52688,32331.93508,66809.99171,93684.43788,142760.957,150479.6663,140272.7376,128810.8203,141490.0481,103617.842,111083.7238,109201.1584,133214.7772,114243.2559,142592.013,116569.9787,127736.5915,179776.4927,175992.9589,192015.0645,202234.5729,198816.2915,113355.5093,135635.8579,109701.3138,135476.6636,90785.13935,Fluconazole
6234,5.709,230.17516,no MS2: Dihydrojasmonic Acid,[M+NH4]+,,0.47,False,-1,230.17506,C12H20O3,,PQEYTAGBXNEUQL-UHFFFAOYSA-N,,530,False,True,False,Normalized unit: Intensity; Annotation method: MoNA-export-LC-MS-MS_Positive_Mode_1,False,False,6234,0,0,1.0,-1,-1,-1,-1,-1,1.0,33.03,BI00778_r2,230.17506:4467 231.17973:932 232.18440:303,,37119.41188,16944.31211,15746.80369,18070.30817,22468.06721,16072.16458,19446.64936,20168.05348,22258.18217,25180.49855,19812.09936,17289.67157,14534.89062,21094.4081,43989.71258,29292.02339,30154.95204,15544.67098,22440.05163,15194.39627,17025.84141,21628.42099,10991.50246,18718.74098,17473.27241,19333.42578,19237.79339,13700.91946,23403.80376,17485.4032,19187.68649,32207.9419,30110.02808,11140.15115,10732.69126,19086.06946,12881.88708,20664.20078,19554.87835,14434.50197,15881.92958,15283.85313,16153.73511,6848.48269,13602.31188,15681.83563,23813.87457,24557.25051,24214.46213,26797.16732,24220.3573,16872.39103,19322.55472,19599.27864,20986.07035,20391.64449,23166.64771,19321.08463,22869.76746,29194.61908,29994.00232,32607.90551,32854.77378,33832.56732,25057.07886,28456.03248,24281.9594,26190.89746,18506.76954,Icaridin
3203,2.332,176.07063,no MS2: INDOLE-3-ACETATE,[M+H]+,,0.04,False,-1,176.07063,C10H9NO2,,SEOVTRFCIGRIMH-UHFFFAOYSA-N,,530,False,True,False,Normalized unit: Intensity; Annotation method: MoNA-export-LC-MS-MS_Positive_Mode_1,False,False,3203,0,0,1.0,-1,-1,-1,-1,-1,1.0,62.76,BI00700_r1,176.07063:24444 177.07530:2896 178.07997:1478,,33888.3077,21195.63848,23126.82018,25294.03089,24442.2086,24231.93034,24000.7844,25214.08617,26356.75754,27742.29256,26597.81861,24721.11807,26246.32808,27147.30938,42348.08104,34453.35809,35908.88866,24391.29063,27914.53053,24346.90776,25409.27275,27505.67578,21026.5844,27928.31921,25342.17703,26179.07178,27987.90724,22389.5778,30255.48921,23591.83657,24138.77975,37114.23645,33491.66238,23173.25952,19835.60396,25903.25887,22940.84486,27425.28904,24579.36427,22557.00704,25695.56943,23044.20921,25320.91023,15192.359,20605.81623,25207.61834,29886.65833,30751.67316,29335.20797,26629.79639,29523.6494,26493.74231,26645.81724,26188.13699,29630.14419,26711.35157,30138.1836,27610.30444,27911.59059,33080.82388,32274.00278,33463.41591,34678.98601,33910.76177,24782.91074,27110.60433,24452.35071,27850.48307,23300.32027,Indole-3-acetic acid
11107,11.766,296.12695,no MS2: NFL_296.1257_14.5,[M+H]+,,0.01,False,-1,296.1257,C16H16F3NO,,WIQRCHMSJFFONW-HNNXBMFYSA-N,,530,False,True,False,Normalized unit: Intensity; Annotation method: MoNA-export-LC-MS-MS_Positive_Mode_1,False,False,11107,0,0,0.99,-1,-1,-1,-1,-1,0.99,403.63,BI00731_r1,296.12653:88027 297.13119:14937 298.13586:0,,45149.36535,39478.8261,77528.08834,82428.79103,36060.92761,93211.7966,50359.29152,58507.09205,55092.46635,49988.88595,81698.45254,83340.42106,191047.1809,75462.42223,87849.81314,99526.39416,113444.8634,106834.1167,72712.1069,112985.6257,100876.1752,75139.27049,136782.9858,125330.269,92016.7019,80830.26416,116490.463,99693.24149,97952.39472,63081.14085,53977.08681,114358.2522,79281.2906,219876.6979,108183.0787,79397.88261,134868.9439,84784.45413,56092.72924,88126.20768,131447.0214,83160.8155,115721.7566,101581.5283,65317.85101,123376.1973,87223.43633,92459.23752,75397.83729,33529.90084,77918.77143,129681.6352,88798.69247,77872.19282,121342.5939,76695.19617,98905.70422,107044.3564,68690.75759,81277.45725,65813.68884,62101.10279,73217.92032,59664.03458,28071.23099,30836.24597,28729.09633,45410.84762,50196.73761,Isoxadifen-ethyl
34381,9.252,777.69208,no MS2: THYROXINE,[M+H]+,,0.31,False,-1,777.69397,C15H11I4NO4,,XUIIKFGFIJCVMT-LBPRGKRZSA-N,,530,False,True,False,Normalized unit: Intensity; Annotation method: MoNA-export-LC-MS-MS_Positive_Mode_1,False,False,34381,0,0,0.99,-1,-1,-1,-1,-1,0.99,702.57,BI00714_r1,777.69281:13271 778.69748:1929 779.70215:205,,47080.88962,49805.00038,45510.66493,44826.92292,49755.09197,44316.92598,47832.80956,46764.16193,46933.77491,47292.09538,44686.46648,44853.74628,40309.2774,45043.99168,42576.20615,42671.58331,41844.77656,43562.16006,45143.51046,43271.38546,43715.90854,45023.03818,42793.20707,42240.40623,44220.50234,44807.27681,42598.29051,44310.07365,43228.03655,46597.18159,47404.36224,41759.5644,43986.54119,40047.60017,44264.44841,44942.41868,42550.52141,44369.46863,47108.27223,44902.25908,42278.08199,45137.09616,42996.40488,45631.98288,46934.67325,42677.96529,43891.80836,43473.55328,44757.59756,49839.48486,44561.36224,42259.14605,44223.70421,45020.3754,42180.73498,45016.76111,43190.48146,43092.21917,45459.69495,43906.49771,45141.4508,45324.06699,44282.93946,45494.74243,51247.72759,50284.95201,51163.89468,47836.13564,47999.87334,Levothyroxine
9656,9.189,279.15933,no MS2: Dibutyl phthalate,[M+H]+,,0.01,False,-1,279.15909,C16H22O4,,DOIRQSBPFJWKBE-UHFFFAOYSA-N,,530,False,True,False,Normalized unit: Intensity; Annotation method: MoNA-export-LC-MS-MS_Positive_Mode_1,False,False,9656,0,0,1.0,-1,-1,-1,-1,-1,1.0,6.34,BI00776_r2,279.15933:5754 280.16400:1089 281.16867:4118,,4564.027236,5268.262655,4625.868978,4475.288122,5149.828268,4437.90708,4906.976959,4729.889757,4720.588183,4730.802595,4423.538651,4494.19599,3877.832256,4455.763397,3873.977925,4007.6591,3883.035786,4335.958496,4449.844154,4299.5982,4329.034912,4444.32806,4332.514958,4082.143425,4395.684215,4449.698087,4125.681968,4490.932007,4155.964139,4755.340561,4845.668721,3853.784947,4186.445934,3917.970229,4566.513867,4474.183208,4244.704268,4362.810295,4793.417302,4563.040573,4138.331053,4579.193086,4239.186243,4944.665757,4898.820042,4201.285726,4246.722088,4176.352899,4367.882368,5095.063634,4338.996295,4116.989683,4363.057384,4477.010722,4038.56315,4463.217623,4153.735904,4196.393281,4490.370024,4184.415103,4353.577256,4352.646756,4200.862896,4365.182906,5340.040382,5140.46755,5339.359672,4798.675182,4951.107299,MEHP
9595,9.641,278.18854,no MS2: Maprotiline,[M+H]+,,0.06,False,-1,278.1897,C20H23N,,QSLMDECMDJKHMQ-UHFFFAOYSA-N,,530,False,True,False,Normalized unit: Intensity; Annotation method: MoNA-export-LC-MS-MS_Positive_Mode_1,False,False,9595,0,0,0.97,-1,-1,-1,-1,-1,0.97,27.43,BI00737_r1,278.18854:21879 279.19321:2821 280.19787:309,,15739.04305,9715.222859,12937.1144,14339.59087,10810.71219,14293.87596,11757.20487,12887.8402,13194.56747,13444.72718,14992.58777,14080.02478,19148.84513,14922.23503,23745.6554,20305.56578,21965.80391,14983.10986,15147.21154,15216.68639,15305.97884,15085.34667,14045.95918,17859.54591,14851.01039,14722.67498,17512.5473,13525.4344,17882.17969,12383.98838,12071.24824,22614.00978,18450.44834,17760.56096,12382.96627,14499.01385,15182.31311,15603.21453,12422.75562,13135.4163,16760.05643,13169.67707,15905.47108,9448.215178,11019.43302,16148.5612,17067.24894,17844.32587,16043.41548,11463.05534,16301.65316,17164.25181,15402.81994,14559.00927,18708.68439,14768.41324,17869.94182,16854.1085,14887.1976,18379.33087,16848.10033,17127.95527,18619.1358,17135.23387,10152.47419,11365.00791,10094.216,13106.8808,11412.05569,Maprotiline hydrochloride
5724,5.269,223.09546,"no MS2: (7R,8R)-7,8-dihydroxy-3,5,7-trimethyl-8H-isochromen-6-one",[M+H]+,,0.94,False,-1,223.09648,C12H14O4,,JVUYBLROBHJEJN-NEPJUHHUSA-N,,530,False,True,False,Normalized unit: Intensity; Annotation method: MoNA-export-LC-MS-MS_Positive_Mode_1,False,False,5724,0,0,1.0,-1,-1,-1,-1,-1,1.0,239.14,BI00743_r2,223.09648:99514 224.10115:11311 225.10582:42091,,813139.591,418608.192,558464.2083,639714.2512,495376.4202,623036.7592,526198.383,583944.5955,610356.7557,637870.2293,682749.7851,622051.1276,832019.2218,687808.7725,1298331.088,1015891.731,1110191.858,650473.6895,707307.7282,658298.1225,677337.1777,699152.585,567609.4865,812205.7071,659468.2412,666570.9383,799934.6715,569550.9819,849914.0701,544351.9714,539600.5596,1158055.13,922985.3778,729134.9033,494507.3638,654219.4906,635774.0246,718059.4234,558303.2826,557903.0854,735410.4067,565751.7353,698203.0058,340117.013,458035.4236,705354.5946,811805.8691,856072.3729,762872.0755,545574.2553,775937.81,762986.443,699078.4341,660494.1842,872587.5227,675814.9703,847620.7092,768863.2276,697078.3096,913809.9445,837949.9945,866765.8853,948122.1603,873471.4295,473610.3352,547076.281,467808.3629,625751.2462,504793.6529,Monobutyl phthalate
5186,7.45,214.09076,no MS2: N-Butylbenzenesulfonamide,[M+H]+,,0.82,False,-1,214.0896,C10H15NO2S,,IPRJXAGUEGOFGG-UHFFFAOYSA-N,,530,False,True,False,Normalized unit: Intensity; Annotation method: MoNA-export-LC-MS-MS_Positive_Mode_1,False,False,5186,0,0,1.0,-1,-1,-1,-1,-1,1.0,634.22,BI00743_r1,214.08963:97906 215.09430:10497 216.09897:0,,535607.8561,426452.6123,462544.8583,484144.7191,453449.5152,478012.6315,458643.5411,473616.9908,481817.3426,490656.1787,495409.1663,479290.4443,518001.7627,497817.0388,618710.7087,565904.7715,581519.0593,483361.881,503237.1597,484599.4874,491053.6577,500732.6975,457649.5316,519942.3905,487770.6933,491419.9171,518258.4351,462247.3476,531981.2884,461151.0767,461808.9688,590247.8049,550843.502,492697.8297,439096.6116,488479.2833,476321.0916,503663.7833,466814.3316,460663.8208,501528.1339,463702.1058,494299.6611,386030.3727,433722.9424,495164.0741,525277.7982,534210.7462,516167.7471,469972.172,518718.1337,508247.5105,498312.9743,490367.5533,533593.3863,494519.8306,531322.5563,512376.6767,501503.2397,548492.4193,535431.7232,542701.7752,557316.753,544788.3827,449596.6049,471536.2994,447395.4459,488732.1661,452147.1628,N-Butylbenzenesulfonamide
12484,13.17,313.14288,no MS2: Benzyl butyl phthalate,[M+H]+,,0.35,False,-1,313.1434,C19H20O4,,IRIAEXORFWYRCZ-UHFFFAOYSA-N,,530,False,True,False,Normalized unit: Intensity; Annotation method: MoNA-export-LC-MS-MS_Positive_Mode_1,False,False,12484,0,0,1.0,-1,-1,-1,-1,-1,1.0,81.66,BI00705_r2,313.14340:52868 314.14807:10503 315.15274:1490,,105535.6891,66744.73359,72617.52263,79250.81994,76721.63184,75987.4211,75336.51008,79039.75008,82542.58792,86788.52635,83239.25638,77496.12029,82078.22382,84926.76517,131090.096,107149.1531,111550.0797,76462.39166,87274.25566,76321.44654,79583.57006,86022.12653,66122.95225,87257.76125,79387.37958,81960.14979,87447.17111,70333.96918,94381.03,74062.14888,75753.4054,115205.5369,104255.9111,72665.83926,62480.65326,81118.44226,71997.69146,85763.51251,77099.85899,70858.25557,80432.90342,72357.88408,79299.53591,48156.79753,64889.51686,78946.94447,93270.47248,95899.34466,91605.79533,83429.00688,92176.85552,82874.05637,83377.30803,81991.74684,92450.63912,83592.57562,94022.40968,86303.72388,87271.4149,103003.8126,100575.8337,104202.0371,107875.4025,105567.5706,77789.88629,84908.73878,76774.39543,87129.4146,73189.35217,Neopentyl glycol dibenzoate
10976,10.719,294.20627,no MS2: NCGC00169591-02!(E)-1-(4-hydroxy-3-methoxyphenyl)dec-4-en-3-one,[M+NH4]+,,0.06,False,-1,294.207,C17H24O3,,OQWKEEOHDMUXEO-BQYQJAHWSA-N,,530,False,True,False,Normalized unit: Intensity; Annotation method: MoNA-export-LC-MS-MS_Positive_Mode_1,False,False,10976,0,0,1.0,-1,-1,-1,-1,-1,1.0,174.94,DIWB1-B2_pos_r1,294.20697:75110 295.21164:14339 296.21631:1935,,7420.921335,9552.96852,9554.673524,9128.934206,8763.428591,9434.273588,9071.956261,8920.346686,8664.249407,8360.413451,8870.183934,9253.834847,9504.76992,8719.12417,6876.309484,7786.548396,7681.206215,9494.455443,8561.212709,9540.863713,9240.286709,8652.227685,10500.60321,8902.232454,9192.055584,8942.031494,8846.439618,9902.894926,8363.314562,9309.106785,9086.902189,7545.018473,7783.182326,10295.73153,10664.8216,8983.759234,9991.525368,8744.006972,9020.776977,9778.808881,9360.497935,9622.398687,9351.941628,12323.62987,10065.99813,9417.759038,8350.549431,8253.137967,8349.255261,8309.413754,8338.03597,9190.819748,8915.208206,8915.293593,8594.508192,8809.593727,8387.590151,8859.107185,8526.523211,7848.798698,7837.4017,7648.210414,7587.455638,7569.735086,8540.285577,8176.426825,8617.861925,8284.611905,9216.864025,Nonivamide
4116,9.287,194.11745,no MS2: Ethyl-4-dimethylaminobenzoate,[M+H]+,,0.02,False,-1,194.1176,C11H15NO2,,FZUGPQWGEGAKET-UHFFFAOYSA-N,,530,False,True,False,Normalized unit: Intensity; Annotation method: MoNA-export-LC-MS-MS_Positive_Mode_1,False,False,4116,0,0,1.0,-1,-1,-1,-1,-1,1.0,19.96,BI00708_r2,194.11757:20932 195.12224:3870 196.12690:399,,12488.4348,13446.31199,14157.76092,14009.91577,12975.56459,14297.83419,13464.64137,13543.5424,13351.31056,13095.78187,13866.70909,14085.27857,15140.08193,13704.53993,12809.89003,13479.01501,13552.69417,14477.23938,13582.69809,14562.81124,14284.64873,13664.1316,15257.02411,14341.85592,14160.26161,13892.39651,14234.6611,14595.31175,13787.0948,13816.41123,13543.61754,13468.60196,13244.76209,15714.9955,15063.39614,13895.54095,14990.56679,13839.56072,13550.50273,14406.71825,14639.22249,14266.86681,14493.30491,15730.17467,14218.60252,14598.12372,13658.83304,13666.24056,13506.54889,12676.78571,13533.2126,14531.76911,13978.9717,13837.73718,14142.33663,13768.66259,13810.68221,14149.82054,13505.62548,13305.94368,13088.62418,12925.20944,13054.0124,12841.74563,12620.89062,12527.60894,12680.99484,12960.83404,13528.78574,Parbenate
3393,5.406,180.10176,no MS2: N-Methylphenylalanine,[M+H]+,,0.02,False,-1,180.10181,C10H13NO2,,SCIFESDRCALIIM-VIFPVBQESA-N,,530,False,True,False,Normalized unit: Intensity; Annotation method: MoNA-export-LC-MS-MS_Positive_Mode_1,False,False,3393,0,0,1.0,-1,-1,-1,-1,-1,1.0,11.84,Plasma MB-B2_pos,180.10178:5039 181.10644:0 182.11111:0,,7971.939654,3697.681228,4494.244805,5219.227443,4620.04112,4918.562899,4609.488092,5051.042091,5399.40055,5819.062194,5655.947248,5034.088012,5928.42179,5808.601622,12052.175,8725.770895,9427.484883,5025.918673,6057.602432,5033.478019,5343.694273,5930.437751,4034.574265,6333.204563,5281.742947,5508.255683,6319.031476,4352.312287,7066.105831,4564.65248,4677.389373,9939.41066,8185.728384,4904.10047,3603.263354,5407.150757,4638.604199,5960.745985,4831.013808,4361.774149,5558.567016,4493.678398,5373.654073,2331.013408,3679.672184,5361.905071,6863.275342,7220.471885,6581.964192,5274.38443,6667.902611,5831.704193,5710.868676,5494.498319,6951.185549,5666.761215,7027.71285,6140.08996,6028.901175,8040.059921,7595.136456,8014.214898,8602.971095,8161.583908,4630.535757,5392.49111,4538.959068,5810.602825,4390.78469,Phenacetin
1792,10.146,149.02325,no MS2: alpha-Keto-gamma-(methylthio)butyric acid,[M+H]+,,0.01,False,-1,149.0233,C5H8O3S,,SXFSQZDSUWACKX-UHFFFAOYSA-N,,530,False,True,False,Normalized unit: Intensity; Annotation method: MoNA-export-LC-MS-MS_Positive_Mode_1,False,False,1792,0,0,1.0,-1,-1,-1,-1,-1,1.0,22.36,BI00706_r2,149.02325:33201 150.02792:2620 151.03259:285,,4246.816927,4333.83982,4238.283275,4217.593112,4323.347633,4209.167827,4285.155385,4259.471846,4260.15441,4264.329641,4211.261677,4219.663902,4112.414885,4217.744433,4134.530654,4149.812797,4128.360737,4191.982596,4218.09986,4185.562028,4192.772562,4216.428337,4184.192666,4153.384427,4204.137553,4214.928018,4161.431335,4214.019683,4170.646418,4260.286355,4275.813891,4124.248297,4181.022749,4114.067324,4220.963568,4218.572012,4173.07735,4202.328934,4268.407646,4226.656935,4159.595922,4230.400711,4176.866831,4268.379173,4276.320916,4169.931602,4186.235312,4175.098385,4206.483058,4319.354236,4201.754409,4157.171157,4200.97324,4219.538471,4148.28057,4218.208468,4170.055227,4173.463647,4224.955056,4180.010628,4208.656718,4210.266152,4185.296181,4213.087467,4352.230483,4327.09316,4351.458602,4275.428013,4290.518463,Phthalic anhydride
16371,7.075,361.20102,no MS2: Cortisone,[M+H]+,,0.94,False,-1,361.20096,C21H28O5,,MFYSYFVPBJMHGN-ZPOLXVRWSA-N,,530,False,True,False,Normalized unit: Intensity; Annotation method: MoNA-export-LC-MS-MS_Positive_Mode_1,False,False,16371,0,0,1.0,-1,-1,-1,-1,-1,1.0,68.7,BI00738_r1,361.20096:41708 362.20563:10180 363.21029:5087,,186171.0217,158638.7634,145107.7429,148628.5021,170582.9794,142892.1188,159317.7814,158050.6801,162609.6716,168903.0826,151853.1229,147001.7275,129310.5585,155309.5344,179922.0642,162165.0985,160924.3506,139754.0453,158096.1654,138232.4781,143509.8378,156264.6372,125984.1836,143215.0903,145784.551,151210.3858,145184.6001,137072.2362,154530.507,151867.528,157676.5449,163280.7006,167192.1829,120037.5474,128543.476,151058.8986,130707.6976,152659.9112,157684.1719,140385.8536,137323.8905,143066.8438,139740.1655,117102.9961,143075.8682,137881.303,157078.1661,157165.3155,160167.3145,178808.6444,159643.4443,139442.1303,149652.0727,152309.4122,147369.3383,153863.6302,154016.4017,146661.273,159741.7368,165659.9664,170469.4466,174758.7367,171963.4675,176958.0593,179552.1001,182883.822,177878.3469,172158.6294,157722.9104,Prednisolone
12730,11.777,315.23297,no MS2: Aureol,[M+H]+,,0.76,False,-1,315.233,C21H30O2,,UYLGYRGJFUJKFM-PXNLJIHASA-N,,530,False,True,False,Normalized unit: Intensity; Annotation method: MoNA-export-LC-MS-MS_Positive_Mode_1,False,False,12730,0,0,1.0,-1,-1,-1,-1,-1,1.0,205.73,BI00773_r2,315.23300:769162 316.23767:149784 317.24234:19442,,355550.9996,304867.2643,290747.3763,298153.1777,324382.7989,289379.4856,309894.8778,309994.5037,317219.9665,326846.0685,303943.2215,295319.7923,273869.9299,309041.1743,356485.1393,326108.6362,325987.8404,285499.7607,313531.3851,283456.7139,291690.9962,310699.4564,262872.3091,294340.7552,294554.5491,302592.3992,296996.3858,279332.1715,311733.8852,299988.1521,308048.4763,330167.9122,331495.6239,257596.1008,264574.5908,302048.7913,271716.1955,305997.8455,308670.0373,283882.6458,283939.5678,288012.5536,286658.9527,242077.7977,284511.1598,284077.7585,314586.0149,315684.8492,317874.0311,337454.904,317430.6843,287687.0579,301179.5165,304004.7033,301727.315,306650.9304,310937.6889,298479.3627,315610.0488,329107.6085,334282.9651,340987.3536,338814.3609,344226.0919,335690.9159,343021.2704,333197.5731,331000.1332,306903.7912,Progesterone
19816,9.307,409.16818,no MS2: MLS001333211-01!Beclomethasone,[M+H]+,,0.12,False,-1,409.16901,C22H29ClO5,,NBMKJKDGKREAPL-WOOYFSPWSA-N,,530,False,True,False,Normalized unit: Intensity; Annotation method: MoNA-export-LC-MS-MS_Positive_Mode_1,False,False,19816,0,0,1.0,-1,-1,-1,-1,-1,1.0,949.08,BI00733_r1,409.16901:549494 410.17367:125256 411.17834:18060,,335111.9874,229491.8227,370340.4889,407127.509,237099.8676,428119.7791,289092.1964,327626.3212,324374.1848,315118.885,417774.8998,404088.6318,706387.9194,402621.4449,585327.6654,556201.7411,619738.5857,468100.3884,400260.537,484474.1189,463386.5218,404775.7029,498339.5472,563254.0778,436751.534,410882.8392,538984.2027,424519.0733,507611.4217,329430.5484,303049.8201,632424.2117,473474.8844,713076.5239,414588.7448,403635.1867,521704.4693,435819.894,314010.5224,395114.7953,551107.3986,386134.1473,504088.5755,336981.0607,309370.5637,523326.759,468334.3223,494579.7421,422302.3642,238993.6209,432875.0917,556472.1761,440755.6455,401372.2892,573130.2152,402610.2248,509489.7016,506817.8186,386188.0999,477420.186,411780.8912,406135.7012,460597.0296,399382.2069,204342.6722,229292.2977,205573.7297,297378.8342,282913.1386,SSR161421
3433,2.601,181.07233,no MS2: PARAXANTHINE,[M+H]+,,0.88,False,-1,181.07242,C7H8N4O2,,QUNWUDVFRNGTCO-UHFFFAOYSA-N,,530,False,True,False,Normalized unit: Intensity; Annotation method: MoNA-export-LC-MS-MS_Positive_Mode_1,False,False,3433,0,0,1.0,-1,-1,-1,-1,-1,1.0,374.38,BI00763_r2,181.07242:632876 182.07709:50042 183.08175:4696,,783324.4241,958074.2684,986858.7786,953181.7089,889084.9991,984534.83,928112.37,921386.0483,897264.5238,867666.8059,930587.4248,964332.5345,1022082.668,914396.8446,757532.7714,843456.8764,838861.0106,995570.3273,899323.3824,1001996.523,971222.8339,908436.0059,1093098.541,950855.8167,963191.7351,936317.6222,943038.7024,1027072.818,893773.0796,957345.8076,932190.6343,826580.3507,834820.316,1098046.21,1095803.078,939190.3278,1048782.952,921195.924,928180.3611,1011411.54,992991.1793,995621.1625,986747.5055,1230412.059,1022309.466,995209.0727,888153.0945,881884.9271,882393.4565,848401.9035,882634.6336,977495.1145,937875.0349,932446.8681,922587.8771,922823.4506,896281.4879,940664.9883,894111.0871,841448.985,832802.985,814209.6006,814736.0546,805944.0684,860997.3663,834152.1303,868274.5248,857607.8669,939985.0485,Theobromine
3436,3.214,181.07298,no MS2: THEOPHYLLINE,[M+H]+,,0.13,False,-1,181.07314,C7H8N4O2,,ZFXYFBGIUFBOJW-UHFFFAOYSA-N,,530,False,True,False,Normalized unit: Intensity; Annotation method: MoNA-export-LC-MS-MS_Positive_Mode_1,False,False,3436,0,0,1.0,-1,-1,-1,-1,-1,1.0,40.22,BI00744_r1,181.07315:17613 182.07782:1431 183.08249:0,,71458.77454,98173.23602,104297.1152,98814.89838,87012.53378,104290.0035,93791.4263,92986.79177,89038.47815,84249.37768,95099.47364,100681.8981,112280.8423,92334.93034,68659.32131,81655.65266,81160.56736,106452.0344,89859.56503,107657.3167,102219.1752,91371.23125,124110.2172,99256.85049,100690.5728,96010.66336,97821.61581,111677.7418,89509.14839,98974.45465,94574.99145,79327.56825,79974.74336,126206.9787,124017.0003,96446.00842,116172.0473,93650.94686,94000.73216,108729.2978,106445.6073,105920.9105,105118.2111,148933.6882,109942.3841,106687.2979,88411.91856,87522.70159,87250.39344,80649.57815,87340.0469,103789.6127,96446.65752,95307.55576,94546.1559,93724.58594,89926.42324,97264.58979,88931.99971,81015.82864,79363.82431,76476.37759,76806.6871,75185.36056,82272.54089,78373.23863,83417.80239,82544.59177,95695.97531,Theophylline
6366,4.555,233.1031,no MS2: Todralazine,[M+H]+,,0.06,False,-1,233.1033,C11H12N4O2,,WGZDBVOTUVNQFP-UHFFFAOYSA-N,,530,False,True,False,Normalized unit: Intensity; Annotation method: MoNA-export-LC-MS-MS_Positive_Mode_1,False,False,6366,0,0,1.0,-1,-1,-1,-1,-1,1.0,22.04,DIWB-B3_pos_r2,233.10310:12000 234.10777:2136 235.11244:0,,9943.856861,4103.721198,5146.951538,6115.399192,5302.003079,5713.432766,5293.437606,5883.405948,6352.050437,6922.049838,6708.122162,5866.38874,7098.332729,6915.543399,16034.88754,11058.2439,12092.88421,5859.808304,7257.284124,5870.536787,6287.176102,7082.763791,4552.677241,7650.292936,6201.6775,6506.662968,7629.170336,4964.564762,8672.66244,5237.026904,5383.854097,12854.0585,10268.40315,5707.964438,3994.285277,6368.946239,5345.977395,7127.127142,5588.617701,4974.526574,6583.941439,5147.236403,6330.482819,2418.512112,4086.484791,6315.35717,8383.966407,8889.769955,7986.323419,6174.476349,8107.324066,6957.534756,6784.793268,6487.367173,8515.613504,6722.059554,8618.76237,7379.185757,7216.579354,10058.6373,9414.298679,10013.28048,10870.06646,10224.49581,5312.500999,6332.666537,5191.722708,6908.671165,5004.699344,Todralazine hydrochloride
12066,13.536,308.11285,no MS2: altenusin,[M+NH4]+,,0.27,False,-1,308.11285,C15H14O6,,ADPBTBPPIIKLEH-UHFFFAOYSA-N,,530,False,True,False,Normalized unit: Intensity; Annotation method: MoNA-export-LC-MS-MS_Positive_Mode_1,False,False,12066,0,0,1.0,-1,-1,-1,-1,-1,1.0,5741.85,DIWB1-B2_pos_r2,308.11285:5611469 309.11752:1332679 310.12219:295953,,8569.985276,7331.658802,9534.691748,9950.22965,7333.35976,10297.96095,8234.361289,8789.909133,8689.848662,8490.314294,10032.93321,9937.093092,13576.68538,9797.087832,11459.91277,11430.31203,12095.73344,10829.20874,9728.940921,11045.59707,10709.50501,9809.546087,11441.47396,11827.39081,10355.75061,9957.606762,11532.67435,10339.28621,11031.20861,8893.828473,8453.511832,12179.95306,10462.51891,13872.3562,10374.56704,9870.911685,11614.26629,10238.54218,8607.152179,9925.310933,11810.10935,9769.404522,11243.67609,9537.406068,8730.473347,11493.32985,10551.13976,10845.65504,9968.064224,7285.484287,10099.32361,11825.55047,10343.10758,9822.754817,11857.73959,9817.512672,11060.09625,11152.56934,9531.782877,10525.28396,9704.071786,9582.992894,10251.61668,9475.28773,6722.839813,7097.058576,6757.447171,8209.39824,8161.094314,Tolnaftate
19440,16.116,403.30737,no MS2: Bis(2-butoxyethyl) decanedioate,[M+H]+,,0.29,False,-1,403.30539,C22H42O6,,KZBSIGKPGIZQJQ-UHFFFAOYSA-N,,530,False,True,False,Normalized unit: Intensity; Annotation method: MoNA-export-LC-MS-MS_Positive_Mode_1,False,False,19440,0,0,1.0,-1,-1,-1,-1,-1,1.0,98.61,BI00723_r1,403.30539:4021 404.31006:1266 405.31472:423,,7863.428792,3305.442398,4828.34509,5765.882345,4115.596746,5573.558307,4459.927264,5111.333881,5413.54015,5731.638357,6276.559909,5559.271042,8153.836021,6335.103937,14518.98557,10549.10038,11850.95092,5899.568599,6569.278919,5993.8153,6217.5104,6471.7616,4944.049538,7887.140332,6002.10039,6083.249463,7729.195147,4963.360919,8358.655773,4665.63706,4609.360467,12521.23742,9300.054215,6868.522177,4126.132157,5935.911508,5731.89706,6704.551656,4819.697568,4825.26102,6929.752997,4912.376059,6472.926583,2531.631584,3725.758528,6561.117141,7869.11324,8435.460578,7251.489071,4666.275652,7415.966947,7270.390778,6475.490528,6010.544482,8658.94133,6192.270364,8329.816193,7337.375431,6444.011983,9182.101798,8191.343699,8558.225497,9627.754747,8643.137679,3877.354314,4681.825476,3815.592563,5587.57635,4224.45819,Triethylene glycol bis(2-ethylhexanoate)
7717,4.391,253.10802,"no MS2: (2R)-7-hydroxy-8-(2-hydroxyethyl)-5-methoxy-2-methyl-2,3-dihydrochromen-4-one",[M+H]+,,0.03,False,-1,253.10719,C13H16O5,,MFMBOHMTFYYVAI-SSDOTTSWSA-N,,530,False,True,False,Normalized unit: Intensity; Annotation method: MoNA-export-LC-MS-MS_Positive_Mode_1,False,False,7717,0,0,0.85,-1,-1,-1,-1,-1,0.85,31.96,BI00733_r2,253.11006:5922 254.11473:761 255.11940:2733,,41549.96142,22814.42427,27009.92411,30380.83071,27054.89919,29106.14768,27238.22631,29357.7614,30868.80239,32632.37071,32327.72898,29549.85582,34272.92877,32935.34453,58250.73937,45485.98974,48462.61295,29699.30556,33992.88612,29779.53289,31102.35644,33465.72781,25207.7052,35682.68038,30749.99993,31661.90603,35554.9865,26509.45177,38602.42129,27191.98587,27600.85886,50469.52109,43027.05566,29686.29059,22951.04303,31196.19228,28079.18291,33701.66777,28329.71128,26476.69743,32288.86876,27055.92115,31347.55525,16342.13548,23025.35399,31347.68177,37626.91405,39196.93324,36286.72062,29926.65138,36684.71035,33498.51057,32641.24341,31568.98793,38325.13985,32321.50756,38448.89904,34695.791,33818.11464,42461.77019,40409.27464,42065.85152,44633.56166,42620.87669,26926.2801,30378.53658,26529.18154,32514.47407,26227.76234,Trinexapac-ethyl
21078,11.783,428.89157,no MS2: TDCPP,[M+H]+,,0.68,False,-1,428.8912,C9H15Cl6O4P,,ASLWPAWFJZFCKF-UHFFFAOYSA-N,,530,False,True,False,Normalized unit: Intensity; Annotation method: MoNA-export-LC-MS-MS_Positive_Mode_1,False,False,21078,0,0,1.0,-1,-1,-1,-1,-1,1.0,385.91,DIWB-B3_pos_r1,428.89120:53965 429.89587:4941 430.90054:0,,76893.57431,93859.09635,99315.43013,96103.52011,86687.70268,99795.96656,91747.99481,91608.88975,88962.64367,85654.28249,93756.0758,97287.90102,106619.1733,91813.43878,76285.54702,85501.36632,85465.0162,101472.616,90144.30139,102360.0627,98729.32809,91187.59498,112666.287,97444.0813,97547.78625,94302.00351,96361.19896,104417.7647,90630.15507,95524.0917,92408.13052,84198.97048,83862.25977,115307.3865,111914.4428,94531.59865,107967.6582,92929.87128,92143.11467,102335.2434,102030.8075,100485.7525,100875.0869,125586.5435,102252.6467,102008.0576,89643.67342,89204.28383,88545.30825,82422.78113,88679.21807,100350.3063,94811.76893,93764.43616,94389.047,92732.2201,90923.24139,95796.44353,89414.17623,84615.2141,83047.71077,80980.10742,81557.83512,80019.71294,83086.81076,80747.99154,83875.1579,84328.12076,92917.22812,"Tris(1,3-dichloro-2-propyl) phosphate"
19182,13.859,399.24973,no MS2: Tri(butoxyethyl)phosphate,[M+H]+,,0.35,False,-1,399.25061,C18H39O7P,,BGNTUSKZDOUZCZ-UHFFFAOYSA-N,,530,False,True,False,Normalized unit: Intensity; Annotation method: MoNA-export-LC-MS-MS_Positive_Mode_1,False,False,19182,0,0,1.0,-1,-1,-1,-1,-1,1.0,46.0,BI00706_r2,399.25058:46067 400.25525:8778 401.25992:1679,,7067.779824,10447.63129,13395.22881,12654.88303,8694.117956,14022.23628,10442.71909,10715.03964,9961.78382,9031.645802,11997.2667,13010.8946,18497.27688,11308.24426,7907.027638,10280.2118,10534.25077,14912.13178,10805.08564,15345.16053,13923.4008,11138.43792,19458.8658,14126.76547,13336.27354,12117.73389,13607.29286,15601.83025,11575.18707,11866.70106,10742.73879,10252.03779,9451.845621,22399.19127,18337.24592,12137.95716,17752.97451,11864.28865,10758.01692,14616.6339,15696.52777,13914.13189,14954.88429,23057.96208,13771.72579,15496.63764,11062.90975,11073.73935,10483.48336,7714.91988,10580.45302,15124.11312,12480.65335,11886.83025,13134.68887,11583.18819,11675.24095,13221.99158,10506.84964,9670.037879,8929.29452,8376.736886,8777.094282,8107.40429,7580.961772,7271.259561,7766.484542,8581.683331,10715.7158,Tris(2-butoxyethyl) phosphate
6684,15.28,237.22154,no MS2: Velvione,[M+H]+,,0.65,False,-1,237.2213,C16H28O,,ABRIMXGLNHCLIP-UHFFFAOYSA-N,,530,False,True,False,Normalized unit: Intensity; Annotation method: MoNA-export-LC-MS-MS_Positive_Mode_1,False,False,6684,0,0,1.0,-1,-1,-1,-1,-1,1.0,17.95,Plasma MB-B2_pos,237.22130:9331 238.22597:1653 239.23063:425,,67373.49949,37235.21236,29990.60358,32984.3927,47610.83865,29193.82577,39242.12116,39007.50973,42792.21222,48298.7083,35570.88278,31764.10426,22779.71766,38089.29606,65995.83259,46372.57459,46023.62681,27544.92475,40363.38356,26695.68719,30011.40308,38907.41017,19720.69967,30786.48592,31300.39253,34974.30391,31975.25435,25383.94279,38926.58473,34210.26717,38206.40751,48706.01693,50002.1052,17845.9008,20447.44677,34756.5118,22449.2479,36469.03896,38437.37532,27163.22197,26685.6792,28812.85681,27862.91745,14515.9445,27779.71479,26811.71343,40552.41069,40993.46071,42533.56842,55730.39897,42228.91696,28133.86187,34191.2102,35684.25658,33940.54274,36933.54115,38522.0552,32725.86814,41526.35401,48514.17264,52057.75714,56400.86766,54590.77634,58623.75571,55064.64982,59634.61219,53429.28133,50969.09091,37822.87702,Velvione
4166,7.906,195.10126,no MS2: BUTYL PARABEN,[M+H]+,,0.71,False,-1,195.10156,C11H14O3,,QFOHBWFCKVYLES-UHFFFAOYSA-N,,530,False,True,False,Normalized unit: Intensity; Annotation method: MoNA-export-LC-MS-MS_Positive_Mode_1,False,False,4166,0,0,1.0,-1,-1,-1,-1,-1,1.0,261.26,BI00760_r1,195.10156:524551 196.10623:53635 197.11090:5216,,366660.536,221331.9086,283561.337,314902.0559,250113.7,310483.6015,265778.3887,289418.6531,298359.0287,307011.1841,330540.8507,308509.477,398858.3362,331159.1796,537367.1394,449558.7321,483469.46,322707.3406,337600.4136,326477.1662,331795.9171,335173.7426,294702.7814,384082.8306,323822.4908,324475.6841,378464.714,291009.9416,392913.1429,275512.8477,271736.158,498916.7628,413895.8533,363551.9728,262838.1946,319694.3404,320689.4928,343873.6046,279275.9691,285020.6552,357301.8138,287262.6424,341604.9308,197856.3074,242401.0821,345260.9852,377573.6685,393997.1306,357914.1708,268004.0323,363041.5019,367036.3611,337764.5399,321674.3115,404757.6048,327047.635,392290.8534,365934.0223,333047.6885,411267.6053,381643.2545,390406.6829,420814.2123,391946.3716,239012.1921,267501.3551,237069.8055,301275.048,257555.5639,sec-Butylparaben
2550,7.782,163.07526,no MS2: 2-METHOXYCINNAMALDEHYDE,[M+H]+,,0.36,False,-1,163.07536,C10H10O2,,KKVZAVRSVHUSPL-GQCTYLIASA-N,,530,False,True,False,Normalized unit: Intensity; Annotation method: MoNA-export-LC-MS-MS_Positive_Mode_1,False,False,2550,0,0,1.0,-1,-1,-1,-1,-1,1.0,42.42,BI00719_r2,163.07536:39013 164.08003:3589 165.08470:1374,,111566.3393,74827.14422,95077.92624,103548.8037,81708.85047,103326.9401,87695.39841,94671.77945,96507.57959,97979.2841,107428.9828,102001.4257,131966.127,106978.0751,157171.712,138162.3064,147515.6283,107487.7745,108293.7396,108894.2917,109374.7779,107940.644,101999.3854,124360.9963,106639.7319,105821.3053,122328.597,98710.05159,124372.5889,91628.45928,89655.0766,151103.1355,127522.8052,124074.0096,91819.43262,104484.4844,108770.2497,111050.402,91822.38051,96327.40696,118023.204,96514.87541,112965.8447,73399.90731,83207.05356,114420.8916,119612.2739,124126.95,113581.4153,85739.54894,115100.5416,120360.5813,109890.5436,104828.443,129217.9403,106071.119,124306.488,118472.1526,106730.1694,127120.8239,118206.2536,119800.5011,128445.961,119823.6697,77494.27522,85101.1494,77134.25919,95902.73191,85557.17124,trans-2-Methoxycinnamaldehyde
3227,8.288,177.05528,no MS2: 4-methylumbelliferone,[M+H]+,,0.29,False,-1,177.05463,C10H8O3,,HSHNITRMYYLLCV-UHFFFAOYSA-N,,530,False,True,False,Normalized unit: Intensity; Annotation method: MoNA-export-LC-MS-MS_Positive_Mode_1,False,False,3227,0,0,1.0,-1,-1,-1,-1,-1,1.0,14.12,BI00749_r2,177.05463:4784 178.05929:459 179.06396:0,,9192.415976,8118.486947,10547.92722,10943.95574,8034.143842,11371.18559,9055.939084,9644.582718,9500.886563,9242.610199,10995.43983,10947.98037,14990.05275,10715.08631,12163.79774,12320.58027,13013.12907,11965.05746,10616.80553,12210.55866,11793.61163,10718.48733,12797.41336,12960.09556,11398.02904,10924.05582,12628.32496,11485.10974,11997.54519,9809.82884,9298.089011,13076.21127,11280.49692,15467.72753,11630.61479,10835.54385,12910.31555,11200.06172,9457.87716,11009.91319,13021.70507,10816.04755,12397.89086,10888.59275,9723.812548,12683.20924,11475.13725,11777.13618,10843.15054,7929.538292,10983.49192,13009.53464,11341.16047,10772.68219,12936.57185,10751.00053,12033.11944,12215.74782,10397.21616,11359.55045,10474.62915,10313.21689,11019.12752,10184.71389,7344.128163,7709.760561,7390.146064,8927.864324,8993.627314,2-Methoxycinnamic acid
9659,13.287,279.15945,no MS2: Dibutyl phthalate,[M+H]+,,0.34,False,-1,279.15909,C16H22O4,,DOIRQSBPFJWKBE-UHFFFAOYSA-N,,530,False,True,False,Normalized unit: Intensity; Annotation method: MoNA-export-LC-MS-MS_Positive_Mode_1,False,False,9659,0,0,1.0,-1,-1,-1,-1,-1,1.0,60.76,BI00701_r2,279.15909:69325 280.16376:10433 281.16842:1329,,89670.7105,95274.13461,82461.47661,80915.36936,96083.00299,79141.77848,89844.5243,86821.67493,87623.89173,89068.20467,80780.71315,80864.67731,67936.65195,81981.94473,77012.78573,76176.67067,73944.06102,76938.95513,82448.05367,76074.17953,77618.68553,81995.83623,73900.255,73788.90024,79106.21993,81054.73729,74844.11225,78688.82749,77127.77817,85897.44527,88541.89892,73879.02965,79976.34943,66609.9193,77870.80347,81401.5879,73655.83706,79999.2625,87732.40702,80486.38494,73459.61197,81313.64191,75476.57044,80393.4206,86106.90572,74522.43968,79047.02796,77950.69628,81561.60938,96944.57851,81003.72353,73568.87668,79397.85154,81703.54925,73921.32097,81804.31439,76994.32814,76225.90343,83414.25014,79665.88414,83296.48624,84076.08098,81079.80606,84685.24476,101044.8318,98522.88179,100674.6799,90811.29972,90187.45016,Dibutylphthalate
11609,7.342,302.13907,no MS2: Crinamine,[M+H]+,,0.51,False,-1,302.13919,C17H19NO4,,YGPRSGKVLATIHT-UHFFFAOYSA-N,,530,False,True,False,Normalized unit: Intensity; Annotation method: MoNA-export-LC-MS-MS_Positive_Mode_1,False,False,11609,0,0,1.0,-1,-1,-1,-1,-1,1.0,69.75,BI00742_r1,302.13919:135858 303.14386:22615 304.14853:3691,,45764.34756,79466.93647,38548.38133,33520.21517,76166.02571,30980.85185,56296.2403,46638.43569,47460.49815,49744.68804,32317.00355,33863.51806,14523.66895,34211.31993,19800.2241,21189.84307,18012.926,27062.89892,34572.46319,25715.67688,27540.81152,34003.62314,24420.63082,20639.31946,30138.75907,33145.39868,21983.58046,31870.60508,24189.78808,46095.74767,52404.31616,17694.70826,27021.7711,14232.26946,32246.73429,33999.82704,22869.79177,30345.33203,49686.59817,34962.3971,21165.9499,36198.33186,24218.64757,43602.42759,50409.46905,22889.43971,27313.06004,25174.8768,31953.914,75602.47606,30882.71316,20988.91903,29782.22562,34437.82255,20080.15972,34186.68474,24049.32719,24132.85157,36502.94413,26780.59861,33373.75616,34132.0197,28233.93843,35027.98931,95569.567,80771.22131,94693.48639,54317.47116,58448.43923,Fenoxycarb
1792,10.146,149.02325,no MS2: alpha-Keto-gamma-(methylthio)butyric acid,[M+H]+,,0.01,False,-1,149.0233,C5H8O3S,,SXFSQZDSUWACKX-UHFFFAOYSA-N,,530,False,True,False,Normalized unit: Intensity; Annotation method: MoNA-export-LC-MS-MS_Positive_Mode_1,False,False,1792,0,0,1.0,-1,-1,-1,-1,-1,1.0,22.36,BI00706_r2,149.02325:33201 150.02792:2620 151.03259:285,,4246.816927,4333.83982,4238.283275,4217.593112,4323.347633,4209.167827,4285.155385,4259.471846,4260.15441,4264.329641,4211.261677,4219.663902,4112.414885,4217.744433,4134.530654,4149.812797,4128.360737,4191.982596,4218.09986,4185.562028,4192.772562,4216.428337,4184.192666,4153.384427,4204.137553,4214.928018,4161.431335,4214.019683,4170.646418,4260.286355,4275.813891,4124.248297,4181.022749,4114.067324,4220.963568,4218.572012,4173.07735,4202.328934,4268.407646,4226.656935,4159.595922,4230.400711,4176.866831,4268.379173,4276.320916,4169.931602,4186.235312,4175.098385,4206.483058,4319.354236,4201.754409,4157.171157,4200.97324,4219.538471,4148.28057,4218.208468,4170.055227,4173.463647,4224.955056,4180.010628,4208.656718,4210.266152,4185.296181,4213.087467,4352.230483,4327.09316,4351.458602,4275.428013,4290.518463,Phthalic anhydride
6684,15.28,237.22154,no MS2: Velvione,[M+H]+,,0.65,False,-1,237.2213,C16H28O,,ABRIMXGLNHCLIP-UHFFFAOYSA-N,,530,False,True,False,Normalized unit: Intensity; Annotation method: MoNA-export-LC-MS-MS_Positive_Mode_1,False,False,6684,0,0,1.0,-1,-1,-1,-1,-1,1.0,17.95,Plasma MB-B2_pos,237.22130:9331 238.22597:1653 239.23063:425,,67373.49949,37235.21236,29990.60358,32984.3927,47610.83865,29193.82577,39242.12116,39007.50973,42792.21222,48298.7083,35570.88278,31764.10426,22779.71766,38089.29606,65995.83259,46372.57459,46023.62681,27544.92475,40363.38356,26695.68719,30011.40308,38907.41017,19720.69967,30786.48592,31300.39253,34974.30391,31975.25435,25383.94279,38926.58473,34210.26717,38206.40751,48706.01693,50002.1052,17845.9008,20447.44677,34756.5118,22449.2479,36469.03896,38437.37532,27163.22197,26685.6792,28812.85681,27862.91745,14515.9445,27779.71479,26811.71343,40552.41069,40993.46071,42533.56842,55730.39897,42228.91696,28133.86187,34191.2102,35684.25658,33940.54274,36933.54115,38522.0552,32725.86814,41526.35401,48514.17264,52057.75714,56400.86766,54590.77634,58623.75571,55064.64982,59634.61219,53429.28133,50969.09091,37822.87702,Velvione
